id,name,email,phone,dni,passwords
1,Alejandro García,alejandro.garcia@example.com,+34666111222,12345678A,Segura#123
2,Carmen Rodríguez,carmen.rodriguez@example.com,+34645333444,87654321B,CocheRojo_33
3,David Fernández,david.fernandez@example.com,+34679777888,13579024C,Contraseña*Fuerte
4,Elena Pérez,elena.perez@example.com,+34666999888,36912457D,P3lican0_2023
5,Fernando Ruiz,fernando.ruiz@example.com,+34639666555,48573912E,P@ssword_S3gura
6,Ana López,ana.lopez@example.com,+34665432123,24681012F,Perro#Verde2
7,Lucía Jiménez,lucia.jimenez@example.com,+34656555777,36912121G,Cl@veS3gura!
8,Miguel Gómez,miguel.gomez@example.com,+34687777999,65432109H,G0Ld3nK3y
9,Natalia Rodríguez,natalia.rodriguez@example.com,+34655444111,14725836I,MyP@ssword99
10,Óscar Sánchez,oscar.sanchez@example.com,+34677889900,96385274J,SúperContraseña
11,Patricia García,patricia.garcia@example.com,+34677888666,52147896K,Galletas_123
12,Roberto Pérez,roberto.perez@example.com,+34655777666,98765432L,AbCd1234%
13,Sara González,sara.gonzalez@example.com,+34666333222,45678912M,Contraseña.1
14,Silvia Ruiz,silvia.ruiz@example.com,+34699111222,12312312N,MiContras3ñ@!
15,Alberto Martínez,alberto.martinez@example.com,+34666777888,78901234O,Passw0rd
16,Beatriz González,beatriz.gonzalez@example.com,+34655667788,56789012P,MyP@ssword99
17,Carlos Rodríguez,carlos.rodriguez@example.com,+34666777888,34567890Q,C0ntras3ña
18,Diana García,diana.garcia@example.com,+34655123456,12345678R,Passw0rd!
19,Esther Fernández,esther.fernandez@example.com,+34666555444,23456789S,Contraseña#123
20,Francisco García,francisco.garcia@example.com,+34666777888,34567890T,Passw0rd@
21,Gabriela Sánchez,gabriela.sanchez@example.com,+34699775533,45678901U,Contraseña123
22,Héctor Martínez,hector.martinez@example.com,+34666777888,56789012V,MyP@ssword99
23,Luciano Sánchez,luciano.sanchez@example.com,+34666777888,34567890U,MyP@ssword
24,Jaime Martín,jaime.martin@example.com,+34699888777,12345678W,MiContras3ña!
25,Laura Jiménez,laura.jimenez@example.com,+34666777888,23456789X,Passw0rd123
26,Manuel García,manuel.garcia@example.com,+34666777888,34567890Y,Contraseña#1
27,Nerea Sánchez,nerea.sanchez@example.com,+34666777888,45678901Z,MyP@ssword99
28,Óscar García,oscar.garcia@example.com,+34699009900,36912121A,Cl@v3Segura
29,Pablo Rodríguez,pablo.rodriguez@example.com,+34666777888,65432109B,G0Ld3nK3y!
30,Rebeca Sánchez,rebeca.sanchez@example.com,+34666777888,78901234C,MiP@ssword
